<?xml version="1.0" encoding="UTF-8" standalone="yes"?>
<addon id="repository.cy4root" name="cy4root Repository" version="1.1.1" provider-name="Cy4Root">
	<extension point="xbmc.addon.repository" name="Cy4Root">
	        <dir>		
			<info compressed="false">https://raw.githubusercontent.com/cy4root/plugins/master/addons.xml</info>
            		<checksum>https://raw.githubusercontent.com/cy4root/plugins/master/addons.xml.md5</checksum>
            		<datadir zip="true">https://raw.githubusercontent.com/cy4root/plugins/master</datadir>
			</dir>
	</extension>
    <extension point="xbmc.addon.metadata">
        <summary lang="en">Cy4Root Add-on Repository</summary>
        <description lang="en"></description>
        <platform>all</platform>
		<news></news>
    </extension>
</addon>
